DAFIFCode,ISOCode,Name
"",BQ,"Bonaire, Saint Eustatius and Saba"
AA,AW,Aruba
AC,AG,Antigua and Barbuda
AE,AE,United Arab Emirates
AF,AF,Afghanistan
AG,DZ,Algeria
AJ,AZ,Azerbaijan
AL,AL,Albania
AM,AM,Armenia
AO,AO,Angola
AQ,AS,American Samoa
AR,AR,Argentina
AS,AU,Australia
AT,\N,Ashmore and Cartier Islands
AU,AT,Austria
AV,AI,Anguilla
AY,AQ,Antarctica
BA,BH,Bahrain
BB,BB,Barbados
BC,BW,Botswana
BD,BM,Bermuda
BE,BE,Belgium
BF,BS,Bahamas
BG,BD,Bangladesh
BH,BZ,Belize
BK,BA,Bosnia and Herzegovina
BL,BO,Bolivia
BM,MM,Myanmar
BN,BJ,Benin
BO,BY,Belarus
BP,SB,Solomon Islands
BQ,\N,Navassa Island
BR,BR,Brazil
BS,IN,India
BT,BT,Bhutan
BU,BG,Bulgaria
BV,BV,Bouvet Island
BX,BN,Brunei Darussalam
BY,BI,Burundi
CA,CA,Canada
CB,KH,Cambodia
CD,TD,Chad
CE,LK,Sri Lanka
CF,CD,DR Congo
CG,CG,Congo Republic
CH,CN,China
CI,CL,Chile
CJ,KY,Cayman Islands
CK,CC,Cocos (Keeling) Islands
CM,CM,Cameroon
CN,KM,Comoros
CO,CO,Colombia
CQ,MP,Northern Mariana Islands
CR,\N,Coral Sea Islands
CS,CR,Costa Rica
CT,CF,Central African Republic
CU,CU,Cuba
CV,CV,Cabo Verde
CW,CK,Cook Islands
CY,CY,Cyprus
DA,DK,Denmark
DJ,DJ,Djibouti
DO,DM,Dominica
DQ,\N,Jarvis Island
DR,DO,Dominican Republic
EC,EC,Ecuador
EG,EG,Egypt
EI,IE,Ireland
EK,GQ,Equatorial Guinea
EN,EE,Estonia
ER,ER,Eritrea
ES,SV,El Salvador
ET,ET,Ethiopia
EU,\N,Europa Island
EZ,CZ,Czech Republic
FG,GF,French Guiana
FI,FI,Finland
FJ,FJ,Fiji
FK,FK,Falkland Islands
FM,FM,"Micronesia, Fed. Sts."
FO,FO,Faeroe Islands
FP,PF,French Polynesia
FQ,\N,Baker Island
FR,FR,France
FS,TF,French Southern Territories
GA,GM,Gambia
GB,GA,Gabon
GG,GE,Georgia
GH,GH,Ghana
GI,GI,Gibraltar
GJ,GD,Grenada
GK,GG,Guernsey
GL,GL,Greenland
GM,DE,Germany
GO,\N,Glorioso Islands
GP,GP,Guadeloupe
GQ,GU,Guam
GR,GR,Greece
GT,GT,Guatemala
GV,GN,Guinea
GY,GY,Guyana
GZ,PS,Palestine
HA,HT,Haiti
HK,HK,Hong Kong
HM,HM,Heard and McDonald Islands
HO,HN,Honduras
HQ,\N,Howland Island
HR,HR,Croatia
HU,HU,Hungary
IC,IS,Iceland
ID,ID,Indonesia
IM,IM,Isle of Man
IO,IO,British Indian Ocean Territory
IP,\N,Clipperton Island
IR,IR,Iran
IS,IL,Israel
IT,IT,Italy
IV,CI,Cote d'Ivoire
IZ,IQ,Iraq
JA,JP,Japan
JE,JE,Jersey
JM,JM,Jamaica
JN,\N,Jan Mayen
JO,JO,Jordan
JQ,\N,Johnston Atoll
JU,\N,Juan de Nova Island
KE,KE,Kenya
KG,KG,Kyrgyz Republic
KN,KP,North Korea
KQ,\N,Kingman Reef
KR,KI,Kiribati
KS,KR,South Korea
KT,CX,Christmas Island
KU,KW,Kuwait
KZ,KZ,Kazakhstan
LA,LA,Laos
LE,LB,Lebanon
LG,LV,Latvia
LH,LT,Lithuania
LI,LR,Liberia
LO,SK,Slovakia
LQ,\N,Palmyra Atoll
LT,LS,Lesotho
LU,LU,Luxembourg
LY,LY,Libya
MA,MG,Madagascar
MB,MQ,Martinique
MC,MO,Macao
MD,MD,Moldova
MF,YT,Mayotte
MG,MN,Mongolia
MH,MS,Montserrat
MI,MW,Malawi
MJ,ME,Montenegro
MK,MK,Macedonia
ML,ML,Mali
MN,MC,Monaco
MO,MA,Morocco
MP,MU,Mauritius
MQ,\N,Midway Islands
MR,MR,Mauritania
MT,MT,Malta
MU,OM,Oman
MV,MV,Maldives
MX,MX,Mexico
MY,MY,Malaysia
MZ,MZ,Mozambique
NC,NC,New Caledonia
NE,NU,Niue
NF,NF,Norfolk Island
NG,NE,Niger
NH,VU,Vanuatu
NI,NG,Nigeria
NL,NL,Netherlands
NO,NO,Norway
NP,NP,Nepal
NR,NR,Nauru
NS,SR,Suriname
NT,AN,Netherlands Antilles
NU,NI,Nicaragua
NZ,NZ,New Zealand
PA,PY,Paraguay
PC,PN,Pitcairn
PE,PE,Peru
PF,\N,Paracel Islands
PG,\N,Spratly Islands
PK,PK,Pakistan
PL,PL,Poland
PM,PA,Panama
PO,PT,Portugal
PP,PG,Papua New Guinea
PS,PW,Palau
PU,GW,Guinea-Bissau
QA,QA,Qatar
RB,RS,Serbia
RE,RE,Reunion
RM,MH,Marshall Islands
RO,RO,Romania
RP,PH,Philippines
RQ,PR,Puerto Rico
RS,RU,Russia
RW,RW,Rwanda
SA,SA,Saudi Arabia
SB,PM,St. Pierre and Miquelon
SC,KN,St. Kitts and Nevis
SE,SC,Seychelles
SF,ZA,South Africa
SG,SN,Senegal
SH,SH,St. Helena
SI,SI,Slovenia
SL,SL,Sierra Leone
SN,SG,Singapore
SO,SO,Somalia
SP,ES,Spain
SS,SS,South Sudan
ST,LC,St. Lucia
SU,SD,Sudan
SV,SJ,Svalbard and Jan Mayen Islands
SW,SE,Sweden
SX,GS,South Georgia and South Sandwich Is.
SY,SY,Syria
SZ,CH,Switzerland
TD,TT,Trinidad and Tobago
TE,\N,Tromelin Island
TH,TH,Thailand
TI,TJ,Tajikistan
TK,TC,Turks and Caicos Islands
TL,TK,Tokelau
TN,TO,Tonga
TO,TG,Togo
TP,ST,Sao Tome and Principe
TS,TN,Tunisia
TT,TL,Timor-Leste
TU,TR,Turkey
TV,TV,Tuvalu
TW,TW,Taiwan
TX,TM,Turkmenistan
TZ,TZ,Tanzania
UG,UG,Uganda
UK,GB,United Kingdom
UP,UA,Ukraine
US,US,United States
UV,BF,Burkina Faso
UY,UY,Uruguay
UZ,UZ,Uzbekistan
VC,VC,St. Vincent and the Grenadines
VE,VE,Venezuela
VI,VG,British Virgin Islands
VM,VN,Vietnam
VQ,VI,United States Virgin Islands
WA,NA,Namibia
WF,WF,Wallis and Futuna Islands
WI,EH,Western Sahara
WQ,\N,Wake Island
WS,WS,Samoa
WZ,SZ,Eswatini
YM,YE,Yemen
ZA,ZM,Zambia
ZI,ZW,Zimbabwe
